Text Key (internal use only),"Context (only for translators, doesn't appear in-game)",english (translate this),spanish,latam,chinese,german,russian,french,italian,japanese,dutch,portuguese,romanian,polish,swedish,danish,greek,bulgarian,hungarian,turkish,norwegian,ukrainian," czech",serbian,finnish
language_name,The name of this language (in the language),English,,,,,Русский,,,,,,,,,,,,,,,,,,
english_language_name,The name of this language (in english),English,,,,,Russian,,,,,,,,,,,,,,,,,,
google_translate_language_code,The 2 digit code for the language,en,,,,,ru,,,,,,,,,,,,,,,,,,
translated_by_someone,"The text which will come before the name of the translators. In-game {0} will be replaced by their names, like ""Translated by: Rugbug and Helix""","""Translated"" by {0}",,,,,Перевели: {0},,,,,,,,,,,,,,,,,,
translators,The translators. That's you! Put your names here.,Rugbug,,,,,"Heiton, itlwas, lowdefqwop, Thoriangel321, TSB, unreal",,,,,,,,,,,,,,,,,,
find_match,Find match button on the main menu,Find Match,,,,,Найти матч,,,,,,,,,,,,,,,,,,
create_match,Create match button on the main menu,Create Match,,,,,Создать матч,,,,,,,,,,,,,,,,,,
supporter_edition,the supporter edition of the game,Supporter Edition,,,,,Премиум-издание,,,,,,,,,,,,,,,,,,
percent_off,"Displayed when a sale is going on, like ""50% OFF""",{0}% OFF,,,,,СКИДКА {0}%,,,,,,,,,,,,,,,,,,
custom_name_color,,Custom Name Color,,,,,Польз. цвет имени,,,,,,,,,,,,,,,,,,
invite_only,only players who get a Steam invite can join,Invite Only,,,,,Только приглашения,,,,,,,,,,,,,,,,,,
customize,Customize button on the main menu,Customize,,,,,Кастомизация,,,,,,,,,,,,,,,,,,
workshop,(dont change this since it's using Steam's translation),Workshop,,,,,Мастерская,,,,,,,,,,,,,,,,,,
mods,Button to manage game modifications,Mods,,,,,Моды,,,,,,,,,,,,,,,,,,
custom_maps,Button to play custom maps,Custom Maps,,,,,Польз. карты,,,,,,,,,,,,,,,,,,
map_pool,The maps that you can vote for in a match,Map Pool,,,,,Карты,,,,,,,,,,,,,,,,,,
my_custom_maps,Custom maps that the player has downloaded,My Custom Maps,,,,,Мои загруженные карты,,,,,,,,,,,,,,,,,,
popular_custom_maps,Custom maps that are currently popular,Popular Custom Maps,,,,,Популярные карты сообщества,,,,,,,,,,,,,,,,,,
default_map_pool,A tag for a match that has the default maps enabled,Default Map Pool,,,,,Стандартные карты,,,,,,,,,,,,,,,,,,
custom_map_pool,A tag for a match that customizes the map pool,Custom Map Pool,,,,,Пользовательские карты,,,,,,,,,,,,,,,,,,
save,,Save,,,,,Сохранить,,,,,,,,,,,,,,,,,,
load,,Load,,,,,Загрузить,,,,,,,,,,,,,,,,,,
save_settings,,Save Settings Preset,,,,,Сохранить настройки,,,,,,,,,,,,,,,,,,
load_settings,,Load Settings Preset,,,,,Загрузить настройки,,,,,,,,,,,,,,,,,,
save_maps,,Save Map Pool Preset,,,,,Сохранить настройки карт,,,,,,,,,,,,,,,,,,
load_maps,,Load Map Pool Preset,,,,,Загрузить настройки карт,,,,,,,,,,,,,,,,,,
enter_name,,Enter name,,,,,Введите название,,,,,,,,,,,,,,,,,,
all,Button to select all maps,All,,,,,Все,,,,,,,,,,,,,,,,,,
none,Button to select no maps,None,,,,,Пусто,,,,,,,,,,,,,,,,,,
invert,Button to invert the selected maps,Invert,,,,,Инвертировать,,,,,,,,,,,,,,,,,,
too_few_maps,Error for when you select too few maps,At least 1 map needs to be selected.,,,,,Необходимо выбрать как минимум 1 карту.,,,,,,,,,,,,,,,,,,
too_many_maps,Error for when you select too many maps. {0} is a number. {1} is also a number,A maximum of {0} maps can be selected. {1} is too many.,,,,,Можно выбрать не более {0} карт. {1} — слишком много.,,,,,,,,,,,,,,,,,,
resource_packs,Button to manage Resource Packs,Resource Packs,,,,,Ресурс-паки,,,,,,,,,,,,,,,,,,
no_resource_packs_found,,"No Resource Packs found. Click ""Browse"" to find some.",,,,,"Пусто. Нажмите ""Найти"" для поиска",,,,,,,,,,,,,,,,,,
browse,Browse button,Browse,,,,,Найти,,,,,,,,,,,,,,,,,,
upload,Upload button,Upload,,,,,Загрузить,,,,,,,,,,,,,,,,,,
upload_file,,Upload File,,,,,Загрузить,,,,,,,,,,,,,,,,,,
upload_from_url,,Upload from URL,,,,,Загрузить из ссылки,,,,,,,,,,,,,,,,,,
delete,,Delete,,,,,Удалить,,,,,,,,,,,,,,,,,,
upload_resource_pack,title of Upload Resource Pack menu,Upload Resource Pack,,,,,Загрузить ресурс-пак,,,,,,,,,,,,,,,,,,
upload_to_steam_workshop,,Upload to Steam Workshop,,,,,Загрузить в мастерскую Steam,,,,,,,,,,,,,,,,,,
how_to_make_a_resource_pack,,How to Make a Resource Pack,,,,,Как сделать ресурс-пак,,,,,,,,,,,,,,,,,,
steam_maintenance_notice,A notice for when Steam servers might be down due to maintenance. {0} and {1} are the start and end times.,Steam servers will have routine maintenance sometime between {0} and {1}. Interruptions may occur.,,,,,Плановое техническое обслуживание серверов Steam пройдёт в промежутке между {0} и {1}. Возможны перебои в работе.,,,,,,,,,,,,,,,,,,
title,"title of something, (name)",Title,,,,,Название,,,,,,,,,,,,,,,,,,
settings,Settings button on the main menu,Settings,,,,,Настройки,,,,,,,,,,,,,,,,,,
achievements,Achievements button on the main menu,Achievements,,,,,Достижения,,,,,,,,,,,,,,,,,,
statistics,Statistics button on the main menu,Statistics,,,,,Статистика,,,,,,,,,,,,,,,,,,
progress,View your progression through the game's levels and rewards,Progress,,,,,Прогресс,,,,,,,,,,,,,,,,,,
how_to_play,How to Play button on the main menu,How to Play,,,,,Как играть,,,,,,,,,,,,,,,,,,
quit_game,Quit game button on the main menu,Quit Game,,,,,Выйти из игры,,,,,,,,,,,,,,,,,,
enter_match_name,Placeholder text for match name input field,Enter match name...,,,,,Название матча,,,,,,,,,,,,,,,,,,
enter_password,Placeholder text for match password field,Enter password...,,,,,Пароль,,,,,,,,,,,,,,,,,,
privacy,,Privacy,,,,,Приватность,,,,,,,,,,,,,,,,,,
friends_only,,Friends Only,,,,,Только друзья,,,,,,,,,,,,,,,,,,
public,,Public,,,,,Опубликовать,,,,,,,,,,,,,,,,,,
password,,Password,,,,,Пароль,,,,,,,,,,,,,,,,,,
this_match_will_not_be_visible,,This match will not be visible in the Find Match menu.,,,,,Этот матч не будет отображаться в поиске,,,,,,,,,,,,,,,,,,
this_room_is_private,Title text that displays when joining a private match,This match is private,,,,,Приватный матч,,,,,,,,,,,,,,,,,,
this_match_is_full,,This match is full,,,,,Матч заполнен,,,,,,,,,,,,,,,,,,
unsecure_match,,Unsecure Match,,,,,Незащищённый Матч,,,,,,,,,,,,,,,,,,
unsecure_match_info,,Players in this match will not have the Anti Cheat loaded.,,,,,В этом матче античит отключен.,,,,,,,,,,,,,,,,,,
secure_match,,Secure Match,,,,,Защищённый матч,,,,,,,,,,,,,,,,,,
enable_anti_cheat,,Enable Anti Cheat,,,,,Включите Античит,,,,,,,,,,,,,,,,,,
secure_match_info,,"Since you do not have the Anti Cheat loaded, you cannot join secure matches.",,,,,"Вы не можете войти в защищённый матч, так как античит отключен.",,,,,,,,,,,,,,,,,,
hide_private,The button to hide private matches from the match list,Hide Private,,,,,Скрыть приватные,,,,,,,,,,,,,,,,,,
started_spectating,text that appears when someone starts spectating,{0} started spectating,,,,,{0} перешёл в режим наблюдателя,,,,,,,,,,,,,,,,,,
stopped_spectating,text that appears when someone stops spectating,{0} stopped spectating,,,,,{0} вышел из режима наблюдателя,,,,,,,,,,,,,,,,,,
spectating_info,text that displays the name of the player you are currently spectating,Spectating {0},,,,,Наблюдение за {0},,,,,,,,,,,,,,,,,,
item_earned,"Text that displays when someone earns an item (hat, skin, etc) 0 is player name, 1 is item name",{0} got an item: {1},,,,,{0} получил предмет: {1},,,,,,,,,,,,,,,,,,
players,Player count label for slider in match creation,Players,,,,,Игроки,,,,,,,,,,,,,,,,,,
create,Create button for creating something,Create,,,,,Создать,,,,,,,,,,,,,,,,,,
invite,The button to invite your Steam Friends,Invite Friends,,,,,Пригласить,,,,,,,,,,,,,,,,,,
ok,Okay button,OK,,,,,ОК,,,,,,,,,,,,,,,,,,
cancel,cancel button,Cancel,,,,,Отменить,,,,,,,,,,,,,,,,,,
continue,continue button,Continue,,,,,Продолжить,,,,,,,,,,,,,,,,,,
translate,button to translate a chat message,Translate,,,,,Перевести,,,,,,,,,,,,,,,,,,
chat_message_translation,setting for chat message translation,Chat Message Translation,,,,,Настройки перевода чата,,,,,,,,,,,,,,,,,,
setup,button to set up a feature,Setup,,,,,Настроить,,,,,,,,,,,,,,,,,,
chat_message_translation_info_1,The first part of an explanation on how to set up a DeepL translator account,"This feature allows you to translate chat messages to your own language. It requires a free DeepL Translator account. First, go to this URL:",,,,,Эта функция позволяет переводить сообщения чата на русский язык. Для её использования требуется бесплатная учётная запись <b>DeepL Translator</b>. Сначала перейдите по этой ссылке:,,,,,,,,,,,,,,,,,,
chat_message_translation_info_2,The second part of an explanation on how to set up a DeepL translator account,"Go to the free tier, and choose ""Sign up for free."" On the ""Your Account"" page, go to the tab ""API Keys & Limits."" Copy your DeepL API Key and paste it below. Then press OK. Once you complete these steps, you can click on any chat message and choose ""Translate"" to translate it into your game language.",,,,,"Перейдите на бесплатный тариф и выберите <b>""Sign up for free""</b> (К сожалению, для оформления подписки нельзя использовать российские карты). На странице <b>""Your Account""</b> откройте вкладку <b>""API Keys & Limits""</b>. Скопируйте ваш <b>DeepL API-ключ</b> и вставьте его в поле ниже. Затем нажмите <b>""OK""</b>. После выполнения этих действий вы сможете нажать на любое сообщение в чате и выбрать ""Перевести"", чтобы увидеть его на русском языке.",,,,,,,,,,,,,,,,,,
enter_api_key,The placeholder text on the input field for the DeepL API Key,Enter API Key...,,,,,Введите API-ключ…,,,,,,,,,,,,,,,,,,
loading,Loading label,Loading...,,,,,Загрузка...,,,,,,,,,,,,,,,,,,
steam_profile,Button to open the Steam Profile,Steam Profile,,,,,Steam профиль,,,,,,,,,,,,,,,,,,
copy_id,Copy a player's ID to the clipboard,Copy ID,,,,,Скопировать ID,,,,,,,,,,,,,,,,,,
copy_skin_url,Copy a player's skin URL to the clipboard,Copy Skin URL,,,,,Скопировать ссылку скина,,,,,,,,,,,,,,,,,,
copy_url,Copy a URL to the clipboard,Copy URL,,,,,Скопировать URL,,,,,,,,,,,,,,,,,,
enter_url,Text for an input field where you put a URL,Enter URL...,,,,,Введите ссылку,,,,,,,,,,,,,,,,,,
copy_message,,Copy Message,,,,,Скопировать сообщение,,,,,,,,,,,,,,,,,,
report,Report button for reporting malicious players,Report,,,,,Пожаловаться,,,,,,,,,,,,,,,,,,
report_player,"Title of Report menu (will look like ""Report Rugbug"")",Report {0},,,,,Пожаловаться на {0},,,,,,,,,,,,,,,,,,
ban,Ban a player,Ban,,,,,Забанить,,,,,,,,,,,,,,,,,,
vote_to_ban_requirement,,You must be level {0} to start a vote to ban.,,,,,"У вас должен быть {0} уровень, чтобы голосовать",,,,,,,,,,,,,,,,,,
vote_to_ban,Vote to ban a player,Vote to Ban,,,,,Проголосовать за бан,,,,,,,,,,,,,,,,,,
please_wait_seconds,,Please wait {0} seconds,,,,,"Пожалуйста, подождите {0} секунд",,,,,,,,,,,,,,,,,,
ban_from_match,"{0} is the player's name, {1} is the reason for the ban",Ban {0} from the match for {1}?,,,,,Забанить игрока {0} в матче за {1} ?,,,,,,,,,,,,,,,,,,
vote_by,who started the vote,Vote by {0},,,,,Голосование предложил {0},,,,,,,,,,,,,,,,,,
vote_failed,,Vote Failed,,,,,Голосование провалено,,,,,,,,,,,,,,,,,,
vote_successful,,Vote Successful,,,,,Голосование успешно,,,,,,,,,,,,,,,,,,
not_enough_responses,,Not enough responses,,,,,Не достаточно голосов,,,,,,,,,,,,,,,,,,
didnt_reach_percent_in_favor,,Didn't reach {0}% in favor,,,,,Не достигли {0}% в пользу,,,,,,,,,,,,,,,,,,
host_left_the_match,,Host left the match,,,,,Хост покинул игру,,,,,,,,,,,,,,,,,,
reason,The reason the player was reported,Reason,,,,,Причина,,,,,,,,,,,,,,,,,,
description,The description of what the player was doing to be reported,Description,,,,,Описание,,,,,,,,,,,,,,,,,,
hacking,A reason to ban someone. If they are a hacker,Hacking,,,,,Читерство,,,,,,,,,,,,,,,,,,
toxicity,A reason to ban someone. If they are being toxic (mean).,Toxicity,,,,,Токсичность,,,,,,,,,,,,,,,,,,
being_too_good,A reason to ban someone. They're too good at the game,Being Too Good,,,,,Слишком хорош,,,,,,,,,,,,,,,,,,
ping,A reason to ban someone. Their ping is too high.,High Ping,,,,,Высокий пинг,,,,,,,,,,,,,,,,,,
inappropriate_skin,Field for reporting a player skin,Inappropriate Skin,,,,,Скин игрока,,,,,,,,,,,,,,,,,,
inappropriate_profile_picture,Field for reporting a player's profile picture,Inappropriate Profile Picture,,,,,Неприемлемая аватарка профиля,,,,,,,,,,,,,,,,,,
inappropriate_username,Field for reporting a player's username,Inappropriate Username,,,,,Неприемлемое имя пользователя,,,,,,,,,,,,,,,,,,
submit,Button to submit a form,Submit,,,,,Подтвердить,,,,,,,,,,,,,,,,,,
copy_path,A button to copy the installation path of a Resource Pack,Copy Path,,,,,Копировать путь,,,,,,,,,,,,,,,,,,
map_playground,,Playground,,,,,Площадка,,,,,,,,,,,,,,,,,,
map_siege,,Siege,,,,,Осада,,,,,,,,,,,,,,,,,,
map_towers,,Towers,,,,,Башни,,,,,,,,,,,,,,,,,,
map_skyway,,Skyway,,,,,Небесная дорога,,,,,,,,,,,,,,,,,,
map_village,,Village,,,,,Деревня,,,,,,,,,,,,,,,,,,
map_arena,,Arena,,,,,Арена,,,,,,,,,,,,,,,,,,
map_pit,,Pit,,,,,Яма,,,,,,,,,,,,,,,,,,
map_corridors,,Corridors,,,,,Коридоры,,,,,,,,,,,,,,,,,,
map_shapes,,Shapes,,,,,Фигуры,,,,,,,,,,,,,,,,,,
map_streets,,Streets,,,,,Улицы,,,,,,,,,,,,,,,,,,
map_sticks,,Sticks,,,,,Палки,,,,,,,,,,,,,,,,,,
map_ruins,,Ruins,,,,,Руины,,,,,,,,,,,,,,,,,,
map_assembly,,Assembly,,,,,Механизм,,,,,,,,,,,,,,,,,,
map_metro,,Metro,,,,,Метро,,,,,,,,,,,,,,,,,,
map_outskirts,,Outskirts,,,,,Пригород,,,,,,,,,,,,,,,,,,
map_orbit,Space is an appropriate substitute,Orbit,,,,,Орбита,,,,,,,,,,,,,,,,,,
map_xeo,,XEO,,,,,XEO,,,,,,,,,,,,,,,,,,
map_quadrants,,Quadrants,,,,,Квадрант,,,,,,,,,,,,,,,,,,
map_pillars,,Pillars,,,,,Столбы,,,,,,,,,,,,,,,,,,
match_settings,,Match Settings,,,,,Настройки матча,,,,,,,,,,,,,,,,,,
default_settings,,Default Settings,,,,,Стандартные,,,,,,,,,,,,,,,,,,
end_match,A button the creator can press to end the match instantly,End Match,,,,,Завершить матч,,,,,,,,,,,,,,,,,,
end_match_message,The {0} is the name of the match creator.,The match was ended early by the match creator ({0}).,,,,,Матч был досрочно завершён создателем матча ({0}).,,,,,,,,,,,,,,,,,,
ready,The ready button in the room to signal you are prepared to start,Ready,,,,,Готов,,,,,,,,,,,,,,,,,,
cancel_ready,"The ready button turns to ""cancel ready"" when you toggle it",Cancel Ready,,,,,Не готов,,,,,,,,,,,,,,,,,,
main_menu,,Main Menu,,,,,Главное меню,,,,,,,,,,,,,,,,,,
leave,,Leave,,,,,Выйти,,,,,,,,,,,,,,,,,,
join,The button to join a match after filling in the password,Join,,,,,Присоединиться,,,,,,,,,,,,,,,,,,
chat_prompt,A message telling players how to chat,Press {0} to chat,,,,,Нажмите {0} чтобы писать,,,,,,,,,,,,,,,,,,
player_match_count,"The number of players in the match, displayed above the player list",{0} Players in Match,,,,,{0} игроков в матче,,,,,,,,,,,,,,,,,,
starting_timer,,Starting in {0}...,,,,,Начинаем через {0},,,,,,,,,,,,,,,,,,
waiting_for_players,,Waiting for Players,,,,,Ожидание игроков,,,,,,,,,,,,,,,,,,
waiting_for_players_to_vote,,Waiting for Players to Vote,,,,,Ожидание готовности,,,,,,,,,,,,,,,,,,
resume_match,The button which returns you to your existing match from the main menu,Resume Match,,,,,Продолжить,,,,,,,,,,,,,,,,,,
draw,"The game is a tie, or a draw. There are no winners.",Draw,,,,,Ничья,,,,,,,,,,,,,,,,,,
someone_wins,Someone has won the game. {0} will be replaced by the winner's name.,{0} Wins,,,,,{0} Победил,,,,,,,,,,,,,,,,,,
someone_win,"the singular form of Wins. ""Survivors Wins"" is not correct in English, but ""Survivors Win"" is correct, so this is needed. (English is strange)",{0} Win,,,,,{0} Победил,,,,,,,,,,,,,,,,,,
you_win,,You Win,,,,,Вы выиграли,,,,,,,,,,,,,,,,,,
you_lose,,You Lose,,,,,Вы проиграли,,,,,,,,,,,,,,,,,,
dont_shoot_teammates,The text that appears when you hurt a teammate,Don't attack teammates!,,,,,Не стреляй в напарников!,,,,,,,,,,,,,,,,,,
change_team,Button to change which team you're on,Change Team,,,,,Команда,,,,,,,,,,,,,,,,,,
join_team,,Join Team,,,,,Присоединиться,,,,,,,,,,,,,,,,,,
blue,the color,Blue,,,,,Синие,,,,,,,,,,,,,,,,,,
red,the color,Red,,,,,Красные,,,,,,,,,,,,,,,,,,
yellow,the color,Yellow,,,,,Желтые,,,,,,,,,,,,,,,,,,
green,the color,Green,,,,,Зеленые,,,,,,,,,,,,,,,,,,
infected,An infected player in a game of infection (like a zombie),Infected,,,,,Зараженные,,,,,,,,,,,,,,,,,,
survivor,The survivors team in a game of infection,Survivors,,,,,Выжившие,,,,,,,,,,,,,,,,,,
you_are_infected,,YOU ARE INFECTED!,,,,,ТЫ ЗАРАЖЁН!,,,,,,,,,,,,,,,,,,
infected_goal,,KILL THE SURVIVORS!,,,,,УБЕЙ ВЫЖИВШИХ!,,,,,,,,,,,,,,,,,,
you_are_a_survivor,,YOU ARE A SURVIVOR!,,,,,ТЫ ВЫЖИВШИЙ!,,,,,,,,,,,,,,,,,,
survivor_goal,,SURVIVE THE INFECTION!,,,,,ПЕРЕЖИВИ ИНФЕКЦИЮ!,,,,,,,,,,,,,,,,,,
host_ban_message,,{0} was banned from the match,,,,,{0} Был забанен в матче,,,,,,,,,,,,,,,,,,
source_ban_message,{1} is the source of the ban. the sources are below,{0} was banned from the match by {1},,,,,{0} был забанен в матче {1},,,,,,,,,,,,,,,,,,
ban_source_vote,source 1,a vote,,,,,голосованием,,,,,,,,,,,,,,,,,,
ban_source_moderator,source 2,a moderator,,,,,модератором,,,,,,,,,,,,,,,,,,
ban_source_host,source 3,the match creator,,,,,хостом матча,,,,,,,,,,,,,,,,,,
report_message,,{0} was reported,,,,,Вы подали жалобу на {0},,,,,,,,,,,,,,,,,,
ban_message,"the message that appears when someone is banned, 0 is name 1 is reason",{0} was banned for {1},,,,,{0} забанен за {1},,,,,,,,,,,,,,,,,,
you_are_banned_from_this_match,,You are banned from this match,,,,,Вас забанили в матче,,,,,,,,,,,,,,,,,,
up,,Up,,,,,Вверх,,,,,,,,,,,,,,,,,,
down,,Down,,,,,Вниз,,,,,,,,,,,,,,,,,,
stat_level,,Level,,,,,Уровень,,,,,,,,,,,,,,,,,,
stat_ffa_wins,,Deathmatch Wins,,,,,FFA победы,,,,,,,,,,,,,,,,,,
stat_ffa_losses,,Deathmatch Losses,,,,,FFA проигрыши,,,,,,,,,,,,,,,,,,
king_of_the_hill_wins,,King of the Hill Wins,,,,,Победы в Царе Горы,,,,,,,,,,,,,,,,,,
king_of_the_hill_losses,,King of the Hill Losses,,,,,Поражения в Царе Горы,,,,,,,,,,,,,,,,,,
noscopes,a noscope is when you get a sniper kill without the scope,Noscopes,,,,,Ноускоп,,,,,,,,,,,,,,,,,,
stat_tdm_wins,,Team Deathmatch Wins,,,,,TDM победы,,,,,,,,,,,,,,,,,,
stat_tdm_losses,,Team Deathmatch Losses,,,,,TDM проигрыши,,,,,,,,,,,,,,,,,,
stat_kills,,Kills,,,,,Убийства,,,,,,,,,,,,,,,,,,
stat_deaths,,Deaths,,,,,Смерти,,,,,,,,,,,,,,,,,,
points,how many points you have in the game,Points,,,,,Очки,,,,,,,,,,,,,,,,,,
stat_world_deaths,deaths you get from falling into the void. (environmental or fall deaths),World Deaths,,,,,Самоубийства,,,,,,,,,,,,,,,,,,
stat_explosive_kills,kills you get from blowing people up (BOOM),Explosive Kills,,,,,Убийства взрывом,,,,,,,,,,,,,,,,,,
stat_melee_kills,kills you get for meleeing people,Melee Kills,,,,,Убийства в ближнем бою,,,,,,,,,,,,,,,,,,
weapons,Weapons button text,Weapons,,,,,Оружие,,,,,,,,,,,,,,,,,,
loadout_index,,Loadout {0},,,,,Снаряжение {0},,,,,,,,,,,,,,,,,,
loadouts,,Loadouts,,,,,Снаряжения,,,,,,,,,,,,,,,,,,
back,Back button text,Back,,,,,Назад,,,,,,,,,,,,,,,,,,
resolution,The size of the screen in pixels,Resolution,,,,,Разрешение,,,,,,,,,,,,,,,,,,
fullscreen_mode,,Fullscreen Mode,,,,,Режим экрана,,,,,,,,,,,,,,,,,,
quality,"The quality of the graphics, how pretty they are basically",Quality,,,,,Качество,,,,,,,,,,,,,,,,,,
postprocessing,"Post processing effects (bloom, vignette, etc)",Post Processing,,,,,Постобработка,,,,,,,,,,,,,,,,,,
fancy_particles,,Fancy Particles,,,,,Частицы,,,,,,,,,,,,,,,,,,
muzzle_flash,The light flash at the front of the gun when shooting,Muzzle Flash,,,,,Дульная вспышка,,,,,,,,,,,,,,,,,,
allow_custom_skins,,Allow Custom Skins,,,,,Разрешить польз. скины,,,,,,,,,,,,,,,,,,
show_chat,,Show Chat,,,,,Показывать чат,,,,,,,,,,,,,,,,,,
show_hints,"example of a hint: ""Q and E to grapple""",Show Hints,,,,,Показывать подсказки,,,,,,,,,,,,,,,,,,
show_crosshair,,Show Crosshair,,,,,Показывать прицел,,,,,,,,,,,,,,,,,,
show_hit_indicator,,Show Hit Indicator,,,,,Показывать индикатор попадания,,,,,,,,,,,,,,,,,,
master_volume,,Master Volume,,,,,Общая громкость,,,,,,,,,,,,,,,,,,
music_volume,,Music Volume,,,,,Громкость музыки,,,,,,,,,,,,,,,,,,
custom_map_volume,"the volume of music, sounds, etc. in custom maps",Custom Map Volume,,,,,Громкость польз. Карт,,,,,,,,,,,,,,,,,,
ui_audio,User Interface Audio,UI Audio,,,,,UI Аудио,,,,,,,,,,,,,,,,,,
damage_popups,"Enable or disable damage popups, the number when shooting someone",Damage Popups,,,,,Отображение урона,,,,,,,,,,,,,,,,,,
damage_popup_size,Change the size of the damage popups,Damage Popup Size,,,,,Размер отображаемого урона,,,,,,,,,,,,,,,,,,
mouse_sensitivity,,Mouse Sensitivity,,,,,Чувствительность мыши,,,,,,,,,,,,,,,,,,
ads_mouse_sensitivity,Aim Down Sights mouse sensitivity,ADS Mouse Sensitivity,,,,,Чувствительность мыши ADS,,,,,,,,,,,,,,,,,,
scoped_mouse_sensitivity,,Scoped Mouse Sensitivity,,,,,Чувствительность мыши при прицеливании,,,,,,,,,,,,,,,,,,
default_fov,Default Field of View,Default FOV,,,,,Поле зрения,,,,,,,,,,,,,,,,,,
physics_tickrate,The amount of time physics will be calculated each second,Physics Tickrate,,,,,Тикрейт физики,,,,,,,,,,,,,,,,,,
always_sprint,,Always Sprint,,,,,Постоянный бег,,,,,,,,,,,,,,,,,,
invert_y,invert the y axis on the mouse/controller,Invert Y,,,,,Верт. инвертирование,,,,,,,,,,,,,,,,,,
invert_x,invert the x axis on the mouse/controller,Invert X,,,,,Гориз. инвертирование,,,,,,,,,,,,,,,,,,
left_handed,Setting to use the left hand to hold the gun,Left Handed,,,,,Левая Рука,,,,,,,,,,,,,,,,,,
fps_limit,the max frames per second for the game to run at,FPS Limit,,,,,Лимит FPS,,,,,,,,,,,,,,,,,,
camera_lock,toggle to lock the camera rotation up/down to 90 degrees,Camera Lock,,,,,Заблокировать камеру,,,,,,,,,,,,,,,,,,
censor_chat,replaces swear words in chat with ****,Censor Chat,,,,,Цензура чата,,,,,,,,,,,,,,,,,,
time_trial_replay_opacity,the opacity of the time trial ghost player,Time Trial Ghost Opacity,,,,,"Прозрачность призрака во ""Временной гонке""",,,,,,,,,,,,,,,,,,
time_trial_replay,,Time Trial Ghost,,,,,"Призрак ""Временной гонки""",,,,,,,,,,,,,,,,,,
time_trial_replay_notice,a notice to let players know that they can adjust the ghost settings in the settings menu,You can enable Time Trial Ghosts in the Settings menu!,,,,,"Вы можете включить призрака ""Временной гонки"" в настройках!",,,,,,,,,,,,,,,,,,
top_player,the highest player on the leaderboard,Top Player,,,,,Лучший игрок,,,,,,,,,,,,,,,,,,
mine,my own,Mine,,,,,Мой рекорд,,,,,,,,,,,,,,,,,,
steam_friend,Steam as in the platform,Steam Friend,,,,,Друг Steam,,,,,,,,,,,,,,,,,,
steam_id,Steam Identification Number,Steam ID,,,,,Steam ID,,,,,,,,,,,,,,,,,,
video,,Video,,,,,Видео,,,,,,,,,,,,,,,,,,
graphics,,Graphics,,,,,Графика,,,,,,,,,,,,,,,,,,
audio,,Audio,,,,,Аудио,,,,,,,,,,,,,,,,,,
gameplay,,Gameplay,,,,,Геймплей,,,,,,,,,,,,,,,,,,
mod_tools,,Mod Tools,,,,,Модерация,,,,,,,,,,,,,,,,,,
invisible,,Invisible,,,,,Невидимость,,,,,,,,,,,,,,,,,,
keybinds,,Keybinds,,,,,Управление,,,,,,,,,,,,,,,,,,
keybind,a singular keybind,Keybind,,,,,Назначение клавиши,,,,,,,,,,,,,,,,,,
reset_all_keybinds,,Reset all keybinds,,,,,Сбросить,,,,,,,,,,,,,,,,,,
special_feature,"This appears when a cosmetic item has a special feature. For example, the horns hat grows each time you get a kill, which is a special feature.",Special Feature,,,,,Спец. возможности,,,,,,,,,,,,,,,,,,
unlocks_at_level,"The {0} will be replaced by the level that it unlocks at, for example: Unlocks at Level 20",Unlocks at Level {0},,,,,Откроется на {0} уровне,,,,,,,,,,,,,,,,,,
special_feature_horns,The special feature description for the Horns hat,Grows each time you get a kill and resets when you die,,,,,Растёт при каждом убийстве,,,,,,,,,,,,,,,,,,
special_feature_healthbar,The special feature description for deaths that give you custom healthbars,Gives you a custom healthbar,,,,,Особая полоска ХП,,,,,,,,,,,,,,,,,,
hat,Hat customization option,Hat,,,,,Шапки,,,,,,,,,,,,,,,,,,
skin,Skin customization option,Skin,,,,,Скины,,,,,,,,,,,,,,,,,,
waist,Waist customization option,Waist,,,,,Пояс,,,,,,,,,,,,,,,,,,
death,Death customization option,Death,,,,,Эфф. смерти,,,,,,,,,,,,,,,,,,
face,Face customization option,Face,,,,,Маски,,,,,,,,,,,,,,,,,,
banners,Banner customization option (plural),Banners,,,,,Баннеры,,,,,,,,,,,,,,,,,,
banner,Banner customization option,Banner,,,,,Баннер,,,,,,,,,,,,,,,,,,
background,Customization menu background customization option,Background,,,,,Фон,,,,,,,,,,,,,,,,,,
beach,,Beach,,,,,Пляж,,,,,,,,,,,,,,,,,,
default,"default option, used for death effect and skins",Default,,,,,По умолчанию,,,,,,,,,,,,,,,,,,
da_shatter,,Shatter,,,,,Осколки,,,,,,,,,,,,,,,,,,
da_soul,,Soul,,,,,Душа,,,,,,,,,,,,,,,,,,
da_explosion,,Explosion,,,,,Взрыв,,,,,,,,,,,,,,,,,,
da_confetti,,Confetti,,,,,Конфетти,,,,,,,,,,,,,,,,,,
da_determination,,Determination,,,,,Решимость,,,,,,,,,,,,,,,,,,
da_rings,,Rings,,,,,Кольца,,,,,,,,,,,,,,,,,,
da_drone,,Drone,,,,,Дрон,,,,,,,,,,,,,,,,,,
da_pixel,,Pixel,,,,,Пиксель,,,,,,,,,,,,,,,,,,
da_anvil,,Anvil,,,,,Наковальня,,,,,,,,,,,,,,,,,,
da_slice,,Slice,,,,,Разрез,,,,,,,,,,,,,,,,,,
da_liquify,a death effect that makes you turn into liquid. Synonym: Melt,Liquify,,,,,Дождь,,,,,,,,,,,,,,,,,,
da_laser,a death effect that cuts you up with lasers,Laser,,,,,Лазер,,,,,,,,,,,,,,,,,,
da_hammer,a death effect that smashes you with a hammer,Hammer,,,,,Молот,,,,,,,,,,,,,,,,,,
da_fireworks,a death effect that makes you explode with fireworks,Fireworks,,,,,Фейерверки,,,,,,,,,,,,,,,,,,
da_shark,,Shark,,,,,Акула,,,,,,,,,,,,,,,,,,
da_lightning,,Lightning,,,,,Молния,,,,,,,,,,,,,,,,,,
skin_circuit,,Circuit,,,,,Схема,,,,,,,,,,,,,,,,,,
skin_cubed,,Cubed,,,,,Кубический,,,,,,,,,,,,,,,,,,
skin_clouds,,Clouds,,,,,Облака,,,,,,,,,,,,,,,,,,
skin_green_onion,,Green Onion,,,,,Зеленый лук,,,,,,,,,,,,,,,,,,
skin_hardened,,Hardened,,,,,Закалённый,,,,,,,,,,,,,,,,,,
skin_watermelon,,Watermelon,,,,,Арбуз,,,,,,,,,,,,,,,,,,
skin_wood,,Wood,,,,,Дерево,,,,,,,,,,,,,,,,,,
skin_woven,,Woven,,,,,Ткань,,,,,,,,,,,,,,,,,,
skin_shimmer,,Shimmer,,,,,Мерцание,,,,,,,,,,,,,,,,,,
skin_wormhole,,Wormhole,,,,,Космос,,,,,,,,,,,,,,,,,,
skin_molten,,Molten,,,,,Расплавленный,,,,,,,,,,,,,,,,,,
skin_corrupt,,Corrupt,,,,,Искаженный,,,,,,,,,,,,,,,,,,
skin_acid,,Acid,,,,,Кислота,,,,,,,,,,,,,,,,,,
skin_poltergeist,like a ghost,Poltergeist,,,,,Полтергейст,,,,,,,,,,,,,,,,,,
skin_gold,,Gold,,,,,Золото,,,,,,,,,,,,,,,,,,
hat_christmas_tree,,Christmas Tree,,,,,Новогодняя ёлка,,,,,,,,,,,,,,,,,,
face_christmas_lights,,Christmas Lights,,,,,Гирлянда,,,,,,,,,,,,,,,,,,
hat_antlers,,Antlers,,,,,Оленьи рога,,,,,,,,,,,,,,,,,,
hat_santa,Santa Hat,Santa,,,,,Дед Мороз,,,,,,,,,,,,,,,,,,
hat_snowman,Snowman,Snowman,,,,,Снеговик,,,,,,,,,,,,,,,,,,
hat_no_face,The No Face mask from Spirited away,No Face,,,,,Безликий,,,,,,,,,,,,,,,,,,
hat_jack_o_lantern,"A Jack-O-Lantern hat (can say ""pumpkin"" if not translatable)",Jack-o'-lantern,,,,,Светильник Джэк,,,,,,,,,,,,,,,,,,
hat_adrift,,Adrift,,,,,Adrift,,,,,,,,,,,,,,,,,,
hat_party,a party hat,Party,,,,,Шляпка-конус,,,,,,,,,,,,,,,,,,
hat_disguise,like this,Disguise,,,,,Маскировка,,,,,,,,,,,,,,,,,,
hat_afro,an afro,Afro,,,,,Афро,,,,,,,,,,,,,,,,,,
hat_excalibur,an excalibur hat (king arthur's sword),Excalibur,,,,,Экскалибур,,,,,,,,,,,,,,,,,,
hat_traffic_cone,a traffic cone hat,Traffic Cone,,,,,Дорожный конус,,,,,,,,,,,,,,,,,,
hat_horns,the horns hat,Horns,,,,,Рога,,,,,,,,,,,,,,,,,,
hat_devil_horns,the devil horns hat,Devil Horns,,,,,Рога Дьявола,,,,,,,,,,,,,,,,,,
hat_sunglasses,sunglasses that the player can wear,Sunglasses,,,,,Солнечные очки,,,,,,,,,,,,,,,,,,
hat_halo,the halo above an angel's head,Halo,,,,,Нимб,,,,,,,,,,,,,,,,,,
hat_cowboy,https://www.sstack.com/images/xxl/32900.jpg,Cowboy,,,,,Ковбойская шляпа,,,,,,,,,,,,,,,,,,
hat_mage,a mage hat like gandalf has https://bit.ly/3zEyOvS,Mage,,,,,Шляпа волшебника,,,,,,,,,,,,,,,,,,
hat_top_hat,a top hat,Top Hat,,,,,Шляпа цилиндр,,,,,,,,,,,,,,,,,,
hat_googly_eyes,googly eyes,Googly Eyes,,,,,Глаза,,,,,,,,,,,,,,,,,,
hat_cat_ears,,Cat Ears,,,,,Ушки кота,,,,,,,,,,,,,,,,,,
waist_cat_tail,,Cat Tail,,,,,Хвостик кота,,,,,,,,,,,,,,,,,,
hat_bunny_ears,,Bunny Ears,,,,,Заячьи ушки,,,,,,,,,,,,,,,,,,
hat_ectoplasm,"Ghost goo. Can also be called ""Slime""",Ectoplasm,,,,,Эктоплазма,,,,,,,,,,,,,,,,,,
hat_chainsaw,,Chainsaw,,,,,Бензопила,,,,,,,,,,,,,,,,,,
hat_bows,Bows that go in your hair like this,Bows,,,,,Бантики,,,,,,,,,,,,,,,,,,
hat_propeller,https://bit.ly/3kZinpO,"Propeller ",,,,,Пропеллер,,,,,,,,,,,,,,,,,,
hat_soda,,Soda Hat,,,,,Шляпа с содовой,,,,,,,,,,,,,,,,,,
hat_lollipop,,Lollipop,,,,,Леденец,,,,,,,,,,,,,,,,,,
hat_alien,,Alien,,,,,Пришелец,,,,,,,,,,,,,,,,,,
hat_axe,,Axe,,,,,Топор,,,,,,,,,,,,,,,,,,
hat_ghost,,Ghost Mask,,,,,Призрачная маска,,,,,,,,,,,,,,,,,,
hat_shuriken,,Shuriken,,,,,Сюрикен,,,,,,,,,,,,,,,,,,
hat_saw,A circular saw like this,Saw,,,,,Циркулярка,,,,,,,,,,,,,,,,,,
hat_beach_ball,,Beach Ball,,,,,Пляжный мяч,,,,,,,,,,,,,,,,,,
special_feature_beach_ball,The special feature for the Beach Ball hat.,Bounces away when you die,,,,,Отскакивает в сторону при смерти,,,,,,,,,,,,,,,,,,
face_train,,Train,,,,,Поезд,,,,,,,,,,,,,,,,,,
hat_ribbon,,Ribbon,,,,,Бантик,,,,,,,,,,,,,,,,,,
face_rudolph_nose,,Rudolph Nose,,,,,Нос Рудольфа,,,,,,,,,,,,,,,,,,
waist_flamingo,,Flamingo,,,,,Фламинго,,,,,,,,,,,,,,,,,,
face_snorkel,,Snorkel,,,,,Трубка,,,,,,,,,,,,,,,,,,
trail,The Trail customization option,Trail,,,,,След,,,,,,,,,,,,,,,,,,
trail_menacing,from JoJo's,Menacing,,,,,Зловещая атмосфера,,,,,,,,,,,,,,,,,,
trail_impact,Named after the Third Impact from Evangelion,Impact,,,,,Удар,,,,,,,,,,,,,,,,,,
trail_snow,,Snow,,,,,Снег,,,,,,,,,,,,,,,,,,
trail_sakura,Cherry Blossoms,Sakura,,,,,Сакура,,,,,,,,,,,,,,,,,,
trail_rainbow,the rainbow player trail,Rainbow,,,,,Радуга,,,,,,,,,,,,,,,,,,
trail_fireflies,,Fireflies,,,,,Светлячки,,,,,,,,,,,,,,,,,,
trail_splash,,Splash,,,,,Всплеск,,,,,,,,,,,,,,,,,,
trail_lost_souls,,Lost Souls,,,,,Потерянные души,,,,,,,,,,,,,,,,,,
bullet_effects,,Bullet Effects,,,,,Эффекты пуль,,,,,,,,,,,,,,,,,,
skin_offset,The offset slider on Custom Skins,Skin Offset,,,,,Смещение костюма,,,,,,,,,,,,,,,,,,
snowball,,Snowball,,,,,Снежок,,,,,,,,,,,,,,,,,,
custom,,Custom,,,,,Индивидуальный,,,,,,,,,,,,,,,,,,
new_skin,,New Skin,,,,,Новый скин,,,,,,,,,,,,,,,,,,
new_banner,,New Banner,,,,,Новый баннер,,,,,,,,,,,,,,,,,,
submit_for_moderator_review,Submit something to be reviewed by a moderator,Submit for Moderator Review,,,,,Отправить на рассмотрение,,,,,,,,,,,,,,,,,,
custom_image_pending,,Waiting for moderator review. You will be able to equip it once approved.,,,,,Ожидает проверки. Вы сможете экипировать предмет после одобрения,,,,,,,,,,,,,,,,,,
custom_image_approved,,Approved,,,,,Одобрен,,,,,,,,,,,,,,,,,,
custom_image_rejected,,Rejected,,,,,Отклонен,,,,,,,,,,,,,,,,,,
custom_image_review_notice,,Moderators must review this image before you're able to use it.,,,,,"Модераторы должны проверить это изображение, прежде чем вы сможете его использовать",,,,,,,,,,,,,,,,,,
skin_url,placeholder text for skin URL input,Skin URL...,,,,,URL скина...,,,,,,,,,,,,,,,,,,
sight_red_dot,,Red Dot Sight,,,,,Коллиматорный прицел,,,,,,,,,,,,,,,,,,
sight_reflex,,Reflex Sight,,,,,Рефлекторный прицел,,,,,,,,,,,,,,,,,,
sight_iron,,Iron Sights,,,,,Механический прицел,,,,,,,,,,,,,,,,,,
sight_telescopic,,Telescopic Sight,,,,,Оптический прицел,,,,,,,,,,,,,,,,,,
killed_someone,Text that pops up when you kill someone,Killed {0},,,,,Убили {0},,,,,,,,,,,,,,,,,,
killed_by_someone,Text that pops up when you get killed,Killed by {0},,,,,Был убиты игроком {0},,,,,,,,,,,,,,,,,,
you_killed_yourself,"Text that pops up when you kill yourself, like blowing yourself up",You Killed Yourself,,,,,Суицид,,,,,,,,,,,,,,,,,,
you_are_eliminated,Text that pops up when you are dead and can not respawn,You Are Eliminated,,,,,Вы устранены,,,,,,,,,,,,,,,,,,
you_died,Text that pops up when you die from an unknown source,You Died,,,,,Вы умерли,,,,,,,,,,,,,,,,,,
die,Button that you can click to die,Die,,,,,Умереть,,,,,,,,,,,,,,,,,,
prompt_cannot_interact,The text that pops up when you can't interact,Cannot interact,,,,,Нельзя взаимодействовать,,,,,,,,,,,,,,,,,,
spectate,,Spectate,,,,,Следить,,,,,,,,,,,,,,,,,,
stop_spectating,,Stop Spectating,,,,,Перестать следить,,,,,,,,,,,,,,,,,,
enter_player,Enter a player in spectator mode,Enter Player,,,,,Следить,,,,,,,,,,,,,,,,,,
exit_player,Exit a player in spectator mode,Exit Player,,,,,Выйти,,,,,,,,,,,,,,,,,,
fly,"The act of flying, like a plane",Fly,,,,,Полёт,,,,,,,,,,,,,,,,,,
username,,Username,,,,,Никнейм,,,,,,,,,,,,,,,,,,
player_online_count,,{0} Players Online,,,,,{0} Игроков онлайн,,,,,,,,,,,,,,,,,,
online_count,this shows beneath the Discord icon on the main menu,{0} Online,,,,,{0} Онлайн,,,,,,,,,,,,,,,,,,
time,room setting,Time (Minutes),,,,,Время (Минуты),,,,,,,,,,,,,,,,,,
gamemode,room setting,Gamemode,,,,,Режим игры,,,,,,,,,,,,,,,,,,
team_count,the number of teams in the match,Team Count,,,,,Кол-во команд,,,,,,,,,,,,,,,,,,
deathmatch,"The Deathmatch gamemode, common in other games",Deathmatch,,,,,Бой насмерть,,,,,,,,,,,,,,,,,,
king_of_the_hill,"The King of the Hill gamemode, common in other games",King of the Hill,,,,,Царь горы,,,,,,,,,,,,,,,,,,
team_deathmatch,,Team Deathmatch,,,,,Командный бой,,,,,,,,,,,,,,,,,,
zombies,A gamemode where some players spawn as zombies and have to kill the other players,Zombies,,,,,Зомби,,,,,,,,,,,,,,,,,,
infection,"Some players are zombies, and when they kill other players they turn them into zombies",Infection,,,,,Инфекция,,,,,,,,,,,,,,,,,,
one_in_the_chamber,"A gamemode where the revolver only has 1 bullet, but instantly kills. If you hit your target you get a bullet back",One in the Chamber,,,,,Один в обойме,,,,,,,,,,,,,,,,,,
survival,A gamemode,Survival,,,,,Выживание,,,,,,,,,,,,,,,,,,
team_elimination,A gamemode where you can't respawn and play as teams,Team Elimination,,,,,Командное выбывание,,,,,,,,,,,,,,,,,,
round_x,Tells which round of an Elimination match it is,Round {0},,,,,Раунд {0},,,,,,,,,,,,,,,,,,
survivor_grapple_gear,A toggle to give grapple gears to Survivors in the Infection gamemode,Survivor Grapple Gear,,,,,Тросы для выживших,,,,,,,,,,,,,,,,,,
infected_bonus_health,An amount of extra health to give to Infected players,Infected Bonus Health,,,,,Бонус к здоровью зараженных,,,,,,,,,,,,,,,,,,
teams,a room setting to enable teams for the match,Teams,,,,,Команды,,,,,,,,,,,,,,,,,,
team_spawns,room setting to tell if teammates should spawn together,Team Spawns,,,,,Возрождения команд,,,,,,,,,,,,,,,,,,
elimination,A gamemode where you can't respawn,Elimination,,,,,Устранение,,,,,,,,,,,,,,,,,,
rounds_to_win,A room setting for how many rounds it takes to win,Rounds to Win,,,,,Раундов до победы,,,,,,,,,,,,,,,,,,
odm_gear,room setting,Grapple Gear,,,,,Механизм тросов,,,,,,,,,,,,,,,,,,
barrelpocalypse,room setting,Barrelpocalypse,,,,,Баропокалипсис,,,,,,,,,,,,,,,,,,
time_between,"the time between objects spawning (barrels, stickygogos, or other)",Time Between,,,,,Время появления объектов,,,,,,,,,,,,,,,,,,
sticky_go_gos,room setting,Sticky Go Gos,,,,,Надувные бомбы,,,,,,,,,,,,,,,,,,
spawn_ammo_pickups,room setting,Spawn Ammo Pickups,,,,,Появление патронов,,,,,,,,,,,,,,,,,,
allow_spectating,room setting,Allow Spectating,,,,,Разрешить наблюдение,,,,,,,,,,,,,,,,,,
night,room setting,Night,,,,,Ночь,,,,,,,,,,,,,,,,,,
disable_pvp,room setting,Disable PVP,,,,,Отключить PVP,,,,,,,,,,,,,,,,,,
wallbangs,room setting,Wallbangs,,,,,Прострелы,,,,,,,,,,,,,,,,,,
damage_multiplier,room setting,Damage Multiplier,,,,,Множитель урона,,,,,,,,,,,,,,,,,,
speed_multiplier,room setting,Speed Multiplier,,,,,Множитель скорости бега,,,,,,,,,,,,,,,,,,
jump_multiplier,room setting,Jump Multiplier,,,,,Множитель силы прыжка,,,,,,,,,,,,,,,,,,
infinite_ammo,,Infinite Ammo,,,,,Бесконечный боезапас,,,,,,,,,,,,,,,,,,
starting_ammo_multiplier,room setting,Starting Ammo Multiplier,,,,,Стартовые боеприпасы,,,,,,,,,,,,,,,,,,
magazine_size_multiplier,"""magazine"" refers to the container for bullets in a gun",Magazine Size Multiplier,,,,,Множитель боеприпасов,,,,,,,,,,,,,,,,,,
rifle_damage,room setting,Rifle Damage,,,,,Урон автомата,,,,,,,,,,,,,,,,,,
shotgun_damage,room setting,Shotgun Damage,,,,,Урон дробовика,,,,,,,,,,,,,,,,,,
sniper_damage,room setting,Sniper Damage,,,,,Урон снайперки,,,,,,,,,,,,,,,,,,
revolver_damage,room setting,Revolver Damage,,,,,Урон револьвера,,,,,,,,,,,,,,,,,,
smg_damage,room setting,SMG Damage,,,,,Урон пистолета-пулемета,,,,,,,,,,,,,,,,,,
double_barrel_damage,room setting,Double Barrel Damage,,,,,Урон двухстволки,,,,,,,,,,,,,,,,,,
melee_damage,room setting,Melee Damage,,,,,Урон приклада,,,,,,,,,,,,,,,,,,
battle_royale_circle,room setting,Battle Royale Circle,,,,,Круг Королевской битвы,,,,,,,,,,,,,,,,,,
circle_speed,room setting,Circle Speed,,,,,Скорость сужения круга,,,,,,,,,,,,,,,,,,
random_location,room setting,Random Location,,,,,Случайная позиция,,,,,,,,,,,,,,,,,,
upgrade_cabinets,room setting,Upgrade Cabinets,,,,,Терминал улучшений,,,,,,,,,,,,,,,,,,
ammo_from_kill,room settting for the amount of ammo you get per kill,Ammo From Kill,,,,,Патроны за убийство,,,,,,,,,,,,,,,,,,
gravity,room setting to enable/disable gravity,Gravity,,,,,Гравитация,,,,,,,,,,,,,,,,,,
spawn_mode,room setting for the method of spawning in players,Spawn Mode,,,,,Режим появления,,,,,,,,,,,,,,,,,,
knockback_multiplier,room setting,Knockback Multiplier,,,,,Множитель отбрасывания,,,,,,,,,,,,,,,,,,
calm,"calm, relaxed. will spawn players far away from each other.",Calm,,,,,Спокойный,,,,,,,,,,,,,,,,,,
hectic,"crazy, action-packed. will spawn players close to each other",Hectic,,,,,Хаос,,,,,,,,,,,,,,,,,,
mayhem,super crazy,Mayhem,,,,,Безумие,,,,,,,,,,,,,,,,,,
calm_description,"description of the ""calm"" spawn mode",Spawn players as far away from each other as possible,,,,,Игроки появляются как можно дальше друг от друга,,,,,,,,,,,,,,,,,,
hectic_description,"description of the ""hectic"" spawn mode",Spawn players as close together as possible,,,,,Игроки появляются как можно ближе друг к другу,,,,,,,,,,,,,,,,,,
mayhem_description,"description of the ""mayhem"" spawn mode",Everyone spawns at the same spawnpoint,,,,,Все появляются в той же самой точке,,,,,,,,,,,,,,,,,,
gondolas,room setting to enable/disable gondolas,Gondolas,,,,,Летающие гондолы,,,,,,,,,,,,,,,,,,
player_size,a room setting that determines the size of each player,Player Size,,,,,Размер игрока,,,,,,,,,,,,,,,,,,
allow_spectating,room setting to allow spectating,Allow Spectating,,,,,Разрешить наблюдение,,,,,,,,,,,,,,,,,,
disabled_by_host,text for when something is disabled by the host,DISABLED BY HOST,,,,,ОТКЛЮЧЕНО ХОСТОМ,,,,,,,,,,,,,,,,,,
error,"An error has occurred, something has gone wrong",Error,,,,,Ошибка,,,,,,,,,,,,,,,,,,
outdated_version,error when a match is an outdated version,This match is using an outdated version,,,,,В этом матче используется устаревшая версия игры,,,,,,,,,,,,,,,,,,
newer_version,error when a match is a newer version than you,This match is using a newer version (update your game),,,,,В этом матче используется новейшая версия игры (Обновите игру),,,,,,,,,,,,,,,,,,
ready_to_play,,Ready to play?,,,,,Готовы играть?,,,,,,,,,,,,,,,,,,
legal_accept_info,,"Please take a moment to read our Terms of Service and Privacy Policy. Click ""I Accept"" to accept them and proceed to the game.",,,,,"Пожалуйста, ознакомьтесь с Пользовательским Соглашением и Политикой Конфиденциальности. Нажмите ""Я Принимаю"", чтобы принять их, и перейти к игре.",,,,,,,,,,,,,,,,,,
i_accept,,I Accept,,,,,Я Принимаю,,,,,,,,,,,,,,,,,,
credits,,Credits,,,,,Особая благодарность,,,,,,,,,,,,,,,,,,
health,Health upgrade,Health,,,,,Здоровье,,,,,,,,,,,,,,,,,,
speed,Speed upgrade,Speed,,,,,Скорость,,,,,,,,,,,,,,,,,,
jump,Jump upgrade,Jump,,,,,Прыжок,,,,,,,,,,,,,,,,,,
hidden_achievement,,Hidden Achievement,,,,,Секретное достижение,,,,,,,,,,,,,,,,,,
hidden_achievement_description,,???,,,,,???,,,,,,,,,,,,,,,,,,
achievement_unlock,Chat message when someone unlocks an achievement,{0} unlocked an Achievement: {1},,,,,{0} открыл достижение: {1},,,,,,,,,,,,,,,,,,
player_join,,{0} Joined,,,,,{0} Присоединился,,,,,,,,,,,,,,,,,,
player_leave,,{0} Left,,,,,{0} Вышел,,,,,,,,,,,,,,,,,,
stop_spamming,Chat message sent when someone is spamming,Please stop spamming,,,,,"Пожалуйста, прекратите спамить",,,,,,,,,,,,,,,,,,
nuclear_annihilation,The text that displays when the game ends after a nuke,Nuclear Annihilation - Everybody Loses,,,,,Ядерное Уничтожение - Все проиграли,,,,,,,,,,,,,,,,,,
reset,Reset button for keybinds,Reset,,,,,Сбросить,,,,,,,,,,,,,,,,,,
you_are_not_worthy,You are not worthy text on gate in heaven,YOU ARE NOT WORTHY,,,,,ВЫ НЕ ДОСТОЙНЫ,,,,,,,,,,,,,,,,,,
heaven,,Heaven,,,,,Небеса,,,,,,,,,,,,,,,,,,
buy,Buy something from an upgrade cabinet,Buy,,,,,Купить,,,,,,,,,,,,,,,,,,
view_the_bundle,"Button to view a bundle, i.e. ""View the Blood Red Bundle""",View the {0},,,,,Осмотреть,,,,,,,,,,,,,,,,,,
view_bundles,View bundles in the store,View Bundles,,,,,Просмотреть наборы,,,,,,,,,,,,,,,,,,
missing,"the Missing: text for achievements which require unlocking multiple things, like for the World Trip achievement it could be ""Missing Playground, Siege, Towers, Skyway""",Missing {0},,,,,Не хватает {0},,,,,,,,,,,,,,,,,,
dlc_blurb,Small blurb on how supporting me buy buying the DLC helps me,Support me (the developer) and get cool stuff!,,,,,Поддержите меня (разработчика) и получите крутые вещи!,,,,,,,,,,,,,,,,,,
very_low,"the ""very low"" option for the graphics quality setting",Very Low,,,,,Очень низкое,,,,,,,,,,,,,,,,,,
low,"the ""low"" option for the graphics quality setting",Low,,,,,Низкое,,,,,,,,,,,,,,,,,,
medium,"the ""medium"" option for the graphics quality setting",Medium,,,,,Среднее,,,,,,,,,,,,,,,,,,
high,"the ""high"" option for the graphics quality setting",High,,,,,Высокое,,,,,,,,,,,,,,,,,,
ultra,"the ""ultra"" option for the graphics quality setting",Ultra,,,,,Максимальное,,,,,,,,,,,,,,,,,,
borderless_window,The borderless window fullscreen option. makes the game fill the entire screen with no border.,Borderless Window,,,,,Оконный без рамок,,,,,,,,,,,,,,,,,,
fullscreen,"The fullscreen option, makes the game take up the entire screen without permitting other applications to overlay.",Fullscreen,,,,,Полноэкранный,,,,,,,,,,,,,,,,,,
windowed,"The windowed option, makes the game a window on the screen that you can move around and resize.",Windowed,,,,,Оконный,,,,,,,,,,,,,,,,,,
proximity_chat,A toggle for proximity chat or normal voice chat,Proximity Chat,,,,,Ближний голосовой чат,,,,,,,,,,,,,,,,,,
voice_chat_volume,The volume of voice chat,Voice Chat Volume,,,,,Громкость голосового чата,,,,,,,,,,,,,,,,,,
voice_chat_mode,the voice chat mode (the 3 modes are below),Voice Chat Mode,,,,,Режим голосового чата,,,,,,,,,,,,,,,,,,
text_chat,The name for the text chat in-game,Text Chat,,,,,Текстовый чат,,,,,,,,,,,,,,,,,,
always_on,,Always On,,,,,Всегда включен,,,,,,,,,,,,,,,,,,
push_to_talk,,Push to Talk,,,,,Нажмите чтобы говорить,,,,,,,,,,,,,,,,,,
voice_chat_warning,A warning for players when choosing to enable voice chat,"Would you like to enable voice chat? Our moderation team responds to reports of toxicity or offensive behavior, but it is possible you will hear unsavory things regardless. You can change this at any time in Settings.",,,,,"Вы уверены, что хотите включить голосовой чат? Наша команда модераторов реагирует на сообщения о токсичности или оскорбительном поведении, но, тем не менее, вы можете услышать неприятные вещи. Вы всегда можете изменить это решение в любое время в настройках.",,,,,,,,,,,,,,,,,,
on,,On,,,,,Включить,,,,,,,,,,,,,,,,,,
off,,Off,,,,,Отключить,,,,,,,,,,,,,,,,,,
input_device,the device used for inputting audio,Input Device,,,,,Устройство ввода,,,,,,,,,,,,,,,,,,
output_device,the device used for outputting audio,Output Device,,,,,Устройства вывода,,,,,,,,,,,,,,,,,,
mute,button for muting a player (disabling voice chat),Mute,,,,,Отключить микрофон,,,,,,,,,,,,,,,,,,
unmute,button for unmuting a player (enabling voice chat),Unmute,,,,,Включить микрофон,,,,,,,,,,,,,,,,,,
mute_voice,button for muting a player's voice chat,Mute Voice,,,,,Выкл. голос,,,,,,,,,,,,,,,,,,
unmute_voice,button for unmuting a player's voice chat,Unmute Voice,,,,,Вкл. голос,,,,,,,,,,,,,,,,,,
mute_chat,button for muting a player's text chat,Mute Chat,,,,,Выкл. чат,,,,,,,,,,,,,,,,,,
unmute_chat,button for unmuting a player's text chat,Unmute Chat,,,,,Вкл. чат,,,,,,,,,,,,,,,,,,
take,the act of taking an object into your posession,Take,,,,,Взять,,,,,,,,,,,,,,,,,,
drop,"the act of dropping something, letting it fall",Drop,,,,,Выкинуть,,,,,,,,,,,,,,,,,,
press,pressing a button,Press,,,,,Нажмите,,,,,,,,,,,,,,,,,,
show_profile_pictures,,Show Profile Pictures,,,,,Показать аватары,,,,,,,,,,,,,,,,,,
vsync,"short for ""vertical sync."" most gamers will probably know what VSync is as its a common setting",VSync,,,,,VSync,,,,,,,,,,,,,,,,,,
mouse_input_on_upgrade_cabinets,lets players turn on or off using the mouse to buy upgrades when using an upgrade cabinet,Mouse Input on Upgrade Cabinets,,,,,Ввод мышкой в терминалах,,,,,,,,,,,,,,,,,,
anonymous_ping,setting to hide your ping from other players,Anonymous Ping,,,,,Скрытый пинг,,,,,,,,,,,,,,,,,,
forward,keybinds menu: button to move forward,Forward,,,,,Вперед,,,,,,,,,,,,,,,,,,
backward,keybinds menu: button to move backward,Backward,,,,,Назад,,,,,,,,,,,,,,,,,,
left,keybinds menu: button to move left,Left,,,,,Влево,,,,,,,,,,,,,,,,,,
right,keybinds menu: button to move right,Right,,,,,Вправо,,,,,,,,,,,,,,,,,,
jump,keybinds menu: button to jump,Jump,,,,,Прыжок,,,,,,,,,,,,,,,,,,
interact,keybinds menu: button to interact with something,Interact,,,,,Взаимодействие,,,,,,,,,,,,,,,,,,
upgradeUp,keybinds menu: button to move the upgrade selection up,Upgrade Up,,,,,Улучшение выше,,,,,,,,,,,,,,,,,,
upgradeDown,keybinds menu: button to move the upgrade selection down,Upgrade Down,,,,,Улучшение ниже,,,,,,,,,,,,,,,,,,
buyUpgrade,keybinds menu: button to buy an upgrade,Buy Upgrade,,,,,Купить улучшение,,,,,,,,,,,,,,,,,,
shoot,keybinds menu: button to shoot,Shoot,,,,,Выстрел,,,,,,,,,,,,,,,,,,
aim,keybinds menu: button to aim,Aim,,,,,Прицелиться,,,,,,,,,,,,,,,,,,
melee,keybinds menu: button to melee attack,Melee,,,,,Ближний бой,,,,,,,,,,,,,,,,,,
reload,keybinds menu: button to reload,Reload,,,,,Перезарядка,,,,,,,,,,,,,,,,,,
flashlight,keybinds menu: button to turn on the flashlight,Flashlight,,,,,Фонарик,,,,,,,,,,,,,,,,,,
sprint,keybinds menu: button to sprint,Sprint,,,,,Бег,,,,,,,,,,,,,,,,,,
scoreboard,keybinds menu: button to open the scoreboard,Scoreboard,,,,,Счет матча,,,,,,,,,,,,,,,,,,
altEscapeMenu,keybinds menu: button to open the escape menu,Alt Escape Menu,,,,,Меню,,,,,,,,,,,,,,,,,,
nextWeapon,keybinds menu: button to equip the next weapon,Next Weapon,,,,,След. оружие,,,,,,,,,,,,,,,,,,
previousWeapon,keybinds menu: button to equip the next previous,Previous Weapon,,,,,Пред. оружие,,,,,,,,,,,,,,,,,,
rifle,the Rifle gun,Rifle,,,,,Автомат,,,,,,,,,,,,,,,,,,
shotgun,the Shotgun gun,Shotgun,,,,,Дробовик,,,,,,,,,,,,,,,,,,
sniper,the Sniper gun,Sniper,,,,,Снайперка,,,,,,,,,,,,,,,,,,
revolver,the Revolver gun,Revolver,,,,,Револьвер,,,,,,,,,,,,,,,,,,
smg,SMG stands for Submachine Gun,SMG,,,,,Пистолет-пулемёт,,,,,,,,,,,,,,,,,,
double_barrel,the Double Barrel gun,Double Barrel,,,,,Двустволка,,,,,,,,,,,,,,,,,,
selfie_stick,,Selfie Stick,,,,,Селфи-палка,,,,,,,,,,,,,,,,,,
rocket_launcher,rocket launcher like this,Rocket Launcher,,,,,РПГ,,,,,,,,,,,,,,,,,,
item,,Item,,,,,Оружие,,,,,,,,,,,,,,,,,,
item1,The first item,Item 1,,,,,Оружие 1,,,,,,,,,,,,,,,,,,
item2,The second item,Item 2,,,,,Оружие 2,,,,,,,,,,,,,,,,,,
item3,The third item,Item 3,,,,,Оружие 3,,,,,,,,,,,,,,,,,,
item4,The fourth item,Item 4,,,,,Оружие 4,,,,,,,,,,,,,,,,,,
item5,The fifth item,Item 5,,,,,Оружие 5,,,,,,,,,,,,,,,,,,
hideUI,keybinds menu: button to hide the user interface,Hide UI,,,,,Скрыть интерфейс,,,,,,,,,,,,,,,,,,
odmLeft,keybinds menu: button to shoot the left grapple hook,Grapple Left,,,,,Левый трос,,,,,,,,,,,,,,,,,,
odmRight,keybinds menu: button to shoot the right grapple hook,Grapple Right,,,,,Правый трос,,,,,,,,,,,,,,,,,,
restartTimeTrial,keybinds menu: restarts the current time trial,Restart Time Trial,,,,,"Перезапустить ""Временную гонку""",,,,,,,,,,,,,,,,,,
voiceChat,keybind menu: button to use voice chat,Voice Chat,,,,,Голосовой чат,,,,,,,,,,,,,,,,,,
unlockMouse,button to unlock mouse movement and let you click on the scoreboard,Unlock Mouse,,,,,Разблокировать мышь,,,,,,,,,,,,,,,,,,
waiting,when we are waiting for the player to press a key,Waiting,,,,,Ожидание,,,,,,,,,,,,,,,,,,
bronze,fourth-highest award for time trials,Bronze,,,,,Бронза,,,,,,,,,,,,,,,,,,
silver,third-highest award for time trials,Silver,,,,,Серебро,,,,,,,,,,,,,,,,,,
gold,second-highest award for time trials,Gold,,,,,Золото,,,,,,,,,,,,,,,,,,
platinum,highest award for time trials,Platinum,,,,,Платина,,,,,,,,,,,,,,,,,,
time_trial,a challenge to complete a track before time runs out,Time Trial,,,,,"""Временная гонка""",,,,,,,,,,,,,,,,,,
time_trial_chat_message,message sent in chat when a player completes a time trial. {0} is their name and {1} is their time,{0} completed a time trial with a time of {1}!,,,,,{0} завершил гонку на время за {1},,,,,,,,,,,,,,,,,,
invalid_room_settings,text displayed when the room settings are not allowed for a time trial,Invalid Match Settings,,,,,Неправильные настройки матча,,,,,,,,,,,,,,,,,,
available,Can be used,Available,,,,,Доступно,,,,,,,,,,,,,,,,,,
active,"Allowed, enabled, turned on",Active,,,,,Включено,,,,,,,,,,,,,,,,,,
NEW_ACHIEVEMENT_2_0_NAME,,Packed to the Brim,,,,,"В тесноте, да не в обиде",,,,,,,,,,,,,,,,,,
NEW_ACHIEVEMENT_2_0_DESC,,Play Village with 15 or more people,,,,,Сыграть на карте «Деревня» с 15 и более игроками,,,,,,,,,,,,,,,,,,
NEW_ACHIEVEMENT_2_2_NAME,,Workplace Catastrophe,,,,,На счастье!,,,,,,,,,,,,,,,,,,
NEW_ACHIEVEMENT_2_2_DESC,,Destroy all the mugs,,,,,Разбить все кружки на всех картах,,,,,,,,,,,,,,,,,,
NEW_ACHIEVEMENT_2_3_NAME,,Junior Gamedev,,,,,Младший разработчик,,,,,,,,,,,,,,,,,,
NEW_ACHIEVEMENT_2_3_DESC,,Draw Redmatch in binary,,,,,Нарисовать Redmatch в двоичном формате,,,,,,,,,,,,,,,,,,
NEW_ACHIEVEMENT_2_4_NAME,,Wall Hacks,,,,,Это вообще законно?,,,,,,,,,,,,,,,,,,
NEW_ACHIEVEMENT_2_4_DESC,,Get a wallbang kill,,,,,Умереть от прострела,,,,,,,,,,,,,,,,,,
NEW_ACHIEVEMENT_2_5_NAME,,Tis but a Scratch,,,,,Живее всех живых,,,,,,,,,,,,,,,,,,
NEW_ACHIEVEMENT_2_5_DESC,,Get a kill with 1 health,,,,,"Сделать убийство, имея 1 единицу здоровья",,,,,,,,,,,,,,,,,,
NEW_ACHIEVEMENT_2_6_NAME,,Betrayal,,,,,Предательство,,,,,,,,,,,,,,,,,,
NEW_ACHIEVEMENT_2_6_DESC,,Kill a Steam Friend,,,,,Убить друга из Steam,,,,,,,,,,,,,,,,,,
NEW_ACHIEVEMENT_2_9_NAME,,Trickshot,,,,,Унесенные взрывом,,,,,,,,,,,,,,,,,,
NEW_ACHIEVEMENT_2_9_DESC,,Get a sniper kill midair with the knockback from an explosive,,,,,Убить снайпера с помощью взрывной волны,,,,,,,,,,,,,,,,,,
NEW_ACHIEVEMENT_2_11_NAME,Mark is a name,"Think, Mark!",,,,,Больше некуда,,,,,,,,,,,,,,,,,,
NEW_ACHIEVEMENT_2_11_DESC,,Max out all of your upgrades,,,,,Купить все улучшения в терминале,,,,,,,,,,,,,,,,,,
NEW_ACHIEVEMENT_2_12_NAME,,Just a Flesh Wound,,,,,Крепкий орешек,,,,,,,,,,,,,,,,,,
NEW_ACHIEVEMENT_2_12_DESC,,Survive a barrel explosion without any health upgrades,,,,,Пережить взрыв от бочки без улучшений здоровья,,,,,,,,,,,,,,,,,,
NEW_ACHIEVEMENT_2_13_NAME,,First Aid,,,,,"А говорили, здоровье не купишь",,,,,,,,,,,,,,,,,,
NEW_ACHIEVEMENT_2_13_DESC,,Buy a health upgrade with less than 10 health left,,,,,"Купить очки здоровья, имея менее 10 ХП",,,,,,,,,,,,,,,,,,
NEW_ACHIEVEMENT_2_14_NAME,,Camper,,,,,Часть интерьера,,,,,,,,,,,,,,,,,,
NEW_ACHIEVEMENT_2_14_DESC,,Kill a player without moving for 10 seconds,,,,,Сделать убийство не двигаясь 10 секунд,,,,,,,,,,,,,,,,,,
NEW_ACHIEVEMENT_2_16_NAME,,Spoils of War,,,,,С собой не заберёшь,,,,,,,,,,,,,,,,,,
NEW_ACHIEVEMENT_2_16_DESC,,Have 25 upgrade points at the end of a match,,,,,Получить 25 очков улучшений в конце матча,,,,,,,,,,,,,,,,,,
NEW_ACHIEVEMENT_2_17_NAME,,You'll Never Take Me Alive,,,,,Живым не сдамся,,,,,,,,,,,,,,,,,,
NEW_ACHIEVEMENT_2_17_DESC,,Blow yourself up,,,,,Сделать самоподрыв,,,,,,,,,,,,,,,,,,
NEW_ACHIEVEMENT_2_18_NAME,,Untouchable,,,,,Вышел сухим из воды,,,,,,,,,,,,,,,,,,
NEW_ACHIEVEMENT_2_18_DESC,,Get 5 kills without being hit,,,,,Сделать 5 убийств без получения урона,,,,,,,,,,,,,,,,,,
NEW_ACHIEVEMENT_2_19_NAME,,Bloodlust,,,,,Быстрое знакомство,,,,,,,,,,,,,,,,,,
NEW_ACHIEVEMENT_2_19_DESC,,Kill 10 players in the first minute of joining a match,,,,,Убить 10 игроков за первую минуту после присоединения к матчу,,,,,,,,,,,,,,,,,,
NEW_ACHIEVEMENT_2_20_NAME,,World Trip,,,,,Кругосветное путешествие,,,,,,,,,,,,,,,,,,
NEW_ACHIEVEMENT_2_20_DESC,,Get a kill on each map,,,,,Сделать убийство на каждой карте,,,,,,,,,,,,,,,,,,
NEW_ACHIEVEMENT_2_21_NAME,,1 in 7.5 Trillion,,,,,Один на миллион,,,,,,,,,,,,,,,,,,
NEW_ACHIEVEMENT_2_21_DESC,,Noscope a player from 50 meters away,,,,,Сделать ноускоп на расстоянии 50 метров,,,,,,,,,,,,,,,,,,
NEW_ACHIEVEMENT_2_22_NAME,,Fix Your Game,,,,,Это точно дробовик?,,,,,,,,,,,,,,,,,,
NEW_ACHIEVEMENT_2_22_DESC,,Get a kill with the shotgun from 100 meters away,,,,,Сделать убийство с дробовика от 100 метров,,,,,,,,,,,,,,,,,,
NEW_ACHIEVEMENT_2_23_NAME,,Jack of All Trades,,,,,Мастер на все руки,,,,,,,,,,,,,,,,,,
NEW_ACHIEVEMENT_2_23_DESC,,Get a kill with all weapons in one match,,,,,Сделать убийство из каждого оружия за один матч,,,,,,,,,,,,,,,,,,
NEW_ACHIEVEMENT_2_25_NAME,Stays Russian in all translations,Война,,,,,Оппенгеймер,,,,,,,,,,,,,,,,,,
NEW_ACHIEVEMENT_2_25_DESC,,You've started something bad.,,,,,Увидеть начало чего-то очень плохого...,,,,,,,,,,,,,,,,,,
NEW_ACHIEVEMENT_2_26_NAME,,Learning the ABCs,,,,,Изучение азбуки,,,,,,,,,,,,,,,,,,
NEW_ACHIEVEMENT_2_26_DESC,,"Kill 26 players, each username starting with a different letter of the alphabet",,,,,Убить по игроку на каждую из 26 букв,,,,,,,,,,,,,,,,,,
NEW_ACHIEVEMENT_2_27_NAME," ",Shortlived Victory,,,,,Недолго музыка играла,,,,,,,,,,,,,,,,,,
NEW_ACHIEVEMENT_2_27_DESC,,Die 0.1 seconds after getting a kill,,,,,"Умереть спустя 0,1 секунды после убийства",,,,,,,,,,,,,,,,,,
NEW_ACHIEVEMENT_2_29_NAME,,Collateral,,,,,Два в одном,,,,,,,,,,,,,,,,,,
NEW_ACHIEVEMENT_2_29_DESC,,Kill 2 players with the same bullet,,,,,Убить 2-х игроков одной пулей,,,,,,,,,,,,,,,,,,
NEW_ACHIEVEMENT_2_31_NAME,,Good Sport,,,,,Хорошая игра,,,,,,,,,,,,,,,,,,
NEW_ACHIEVEMENT_2_31_DESC,,Say GG in chat after the game ends,,,,,"Написать ""GG"" в чат после завершения матча",,,,,,,,,,,,,,,,,,
NEW_ACHIEVEMENT_6_0_NAME,,Button Masher,,,,,Кнопкодав,,,,,,,,,,,,,,,,,,
NEW_ACHIEVEMENT_6_0_DESC,,Press the button 1000 times in one sitting,,,,,Нажать кнопку 1000 раз за один матч,,,,,,,,,,,,,,,,,,
NEW_ACHIEVEMENT_6_1_NAME,,You Are Worthy,,,,,Ты достоин!,,,,,,,,,,,,,,,,,,
NEW_ACHIEVEMENT_6_1_DESC,,Enter the gates of Heaven,,,,,Войти во врата рая,,,,,,,,,,,,,,,,,,
,,Good Idea!,,,,,Коллективное решение,,,,,,,,,,,,,,,,,,
,,Have 10 players vote for the same map,,,,,"Сыграть матч, в котором 10 и более игроков проголосовали за одну и ту же карту
",,,,,,,,,,,,,,,,,,
NEW_ACHIEVEMENT_6_3_NAME,,The Beginning,,,,,Первые шаги,,,,,,,,,,,,,,,,,,
NEW_ACHIEVEMENT_6_3_DESC,,Reach level 10,,,,,Достигнуть 10-го уровня,,,,,,,,,,,,,,,,,,
NEW_ACHIEVEMENT_6_4_NAME,,Dedication,,,,,Опытный игрок,,,,,,,,,,,,,,,,,,
NEW_ACHIEVEMENT_6_4_DESC,,Reach level 50,,,,,Достигнуть 50-го уровня,,,,,,,,,,,,,,,,,,
,,Ultimate Grind,,,,,Мастер,,,,,,,,,,,,,,,,,,
,,Reach level 100,,,,,Достигнуть 100-го уровня,,,,,,,,,,,,,,,,,,
NEW_ACHIEVEMENT_6_5_NAME,,Death Wish,,,,,Смертельное пожелание,,,,,,,,,,,,,,,,,,
NEW_ACHIEVEMENT_6_5_DESC,,Equip a death,,,,,Экипировать эффект смерти,,,,,,,,,,,,,,,,,,
,,Saved by the Bell,,,,,В последний миг,,,,,,,,,,,,,,,,,,
,,Win a match by getting a kill in the last 5 seconds,,,,,"Выиграть матч, сделав убийство в последние 5 секунд",,,,,,,,,,,,,,,,,,
,,To the Moon!,,,,,Попрыгунчик,,,,,,,,,,,,,,,,,,
,,Max out your jump upgrade in a match with the jump multiplier set to the max,,,,,Улучшить прыжок до максимума в матче с максимальным множителем прыжка,,,,,,,,,,,,,,,,,,
NEW_ACHIEVEMENT_6_6_NAME,,Never Dig Straight Down,,,,,Не копай под себя,,,,,,,,,,,,,,,,,,
NEW_ACHIEVEMENT_6_6_DESC,,Die to the void with the Pixel death equipped,,,,,Умереть в пустоте с экипированным пиксельным эффектом смерти,,,,,,,,,,,,,,,,,,
,,Community Service,,,,,Сервис сообщества,,,,,,,,,,,,,,,,,,
,,Play a custom map,,,,,Сыграть на пользовательской карте,,,,,,,,,,,,,,,,,,
,,First Words,,,,,Первые слова,,,,,,,,,,,,,,,,,,
,,Say something in chat,,,,,Сказать что-нибудь в чат,,,,,,,,,,,,,,,,,,
NEW_ACHIEVEMENT_6_7_NAME,,Shake it Up a Little,,,,,Немного разнообразия,,,,,,,,,,,,,,,,,,
NEW_ACHIEVEMENT_6_7_DESC,,Use a Resource Pack,,,,,Применить ресурс-пак,,,,,,,,,,,,,,,,,,
NEW_ACHIEVEMENT_6_8_NAME,,Speed Demon,,,,,Скоростной демон,,,,,,,,,,,,,,,,,,
NEW_ACHIEVEMENT_6_8_DESC,,Get gold rank on all time trials,,,,,"Получить ранг ""Золото"" на всех ""Временных гонках""",,,,,,,,,,,,,,,,,,
,,Drive By,,,,,Смерть по таймеру,,,,,,,,,,,,,,,,,,
,,Get a kill during a time trial,,,,,"Совершить убийство во время """"Временной гонки""""",,,,,,,,,,,,,,,,,,
NEW_ACHIEVEMENT_6_9_NAME,,Better than Rugbug,,,,,Лучше чем создатель,,,,,,,,,,,,,,,,,,
NEW_ACHIEVEMENT_6_9_DESC,,Get platinum rank on a time trial,,,,,"Получить ранг ""Платина"" на ""Временной гонке""",,,,,,,,,,,,,,,,,,
,,Earthshatter,,,,,На полном ходу,,,,,,,,,,,,,,,,,,
,mph = miles per hour,Land a kill at 300mph or higher,,,,,Сделать убийство на скорости 480 км/ч и выше,,,,,,,,,,,,,,,,,,
NEW_ACHIEVEMENT_6_10_NAME,,Take Me With You,,,,,Возьми меня с собой,,,,,,,,,,,,,,,,,,
NEW_ACHIEVEMENT_6_10_DESC,,Grapple onto another player,,,,,Зацепится за игрока,,,,,,,,,,,,,,,,,,
NEW_ACHIEVEMENT_6_11_NAME,,It Takes Two To Tango,,,,,Для танго нужны двое,,,,,,,,,,,,,,,,,,
NEW_ACHIEVEMENT_6_11_DESC,,Get a kill while standing on a teammate's head,,,,,"Сделать убийство, стоя на голове напарника",,,,,,,,,,,,,,,,,,
NEW_ACHIEVEMENT_6_12_NAME,,Uppercut,,,,,Апперкот,,,,,,,,,,,,,,,,,,
NEW_ACHIEVEMENT_6_12_DESC,,Get 50 melee kills,,,,,Сделать 50 убийств прикладом,,,,,,,,,,,,,,,,,,
NEW_ACHIEVEMENT_6_13_NAME,,Fighting Blind,,,,,Борьба вслепую,,,,,,,,,,,,,,,,,,
NEW_ACHIEVEMENT_6_13_DESC,,Get 50 noscopes,,,,,Сделать 50 Ноу-скопов,,,,,,,,,,,,,,,,,,
NEW_ACHIEVEMENT_6_14_NAME,,Combined Effort,,,,,Совместные усилия,,,,,,,,,,,,,,,,,,
NEW_ACHIEVEMENT_6_14_DESC,,Win a match as a Team,,,,,Выиграть командный бой,,,,,,,,,,,,,,,,,,
NEW_ACHIEVEMENT_6_15_NAME,,The Real Me,,,,,Настоящий я,,,,,,,,,,,,,,,,,,
NEW_ACHIEVEMENT_6_15_DESC,,Create a custom skin,,,,,Создать свой скин,,,,,,,,,,,,,,,,,,
NEW_ACHIEVEMENT_6_16_NAME,,Sharpshooter,,,,,Снайпер,,,,,,,,,,,,,,,,,,
NEW_ACHIEVEMENT_6_16_DESC,,Hit 6 sniper shots in a row without dying,,,,,"Попасть из снайперки 6 раз подряд, не умирая"
,,,,,,,,,,,,,,,,,,
NEW_ACHIEVEMENT_6_2_NAME,,XEO,,,,,XEO,,,,,,,,,,,,,,,,,,
NEW_ACHIEVEMENT_6_2_DESC,,???,,,,,???,,,,,,,,,,,,,,,,,,
,,,,,,,,,,,,,,,,,,,,,,,,,
,,,,,,,,,,,,,,,,,,,,,,,,,
,,,,,,,,,,,,,,,,,,,,,,,,,
,,,,,,,,,,,,,,,,,,,,,,,,,
,,,,,,,,,,,,,,,,,,,,,,,,,
,,,,,,,,,,,,,,,,,,,,,,,,,
,,,,,,,,,,,,,,,,,,,,,,,,,
,,,,,,,,,,,,,,,,,,,,,,,,,
,,,,,,,,,,,,,,,,,,,,,,,,,
,,,,,,,,,,,,,,,,,,,,,,,,,
,,,,,,,,,,,,,,,,,,,,,,,,,
,,,,,,,,,,,,,,,,,,,,,,,,,
,,,,,,,,,,,,,,,,,,,,,,,,,
,,,,,,,,,,,,,,,,,,,,,,,,,
,,,,,,,,,,,,,,,,,,,,,,,,,
,,,,,,,,,,,,,,,,,,,,,,,,,
,,,,,,,,,,,,,,,,,,,,,,,,,
,,,,,,,,,,,,,,,,,,,,,,,,,
,,,,,,,,,,,,,,,,,,,,,,,,,
,,,,,,,,,,,,,,,,,,,,,,,,,
,,,,,,,,,,,,,,,,,,,,,,,,,
,,,,,,,,,,,,,,,,,,,,,,,,,
,,,,,,,,,,,,,,,,,,,,,,,,,
,,,,,,,,,,,,,,,,,,,,,,,,,
,,,,,,,,,,,,,,,,,,,,,,,,,
,,,,,,,,,,,,,,,,,,,,,,,,,
,,,,,,,,,,,,,,,,,,,,,,,,,
,,,,,,,,,,,,,,,,,,,,,,,,,
,,,,,,,,,,,,,,,,,,,,,,,,,
,,,,,,,,,,,,,,,,,,,,,,,,,
,,,,,,,,,,,,,,,,,,,,,,,,,
,,,,,,,,,,,,,,,,,,,,,,,,,
,,,,,,,,,,,,,,,,,,,,,,,,,
,,,,,,,,,,,,,,,,,,,,,,,,,
,,,,,,,,,,,,,,,,,,,,,,,,,
,,,,,,,,,,,,,,,,,,,,,,,,,
,,,,,,,,,,,,,,,,,,,,,,,,,
,,,,,,,,,,,,,,,,,,,,,,,,,
,,,,,,,,,,,,,,,,,,,,,,,,,
,,,,,,,,,,,,,,,,,,,,,,,,,
,,,,,,,,,,,,,,,,,,,,,,,,,
,,,,,,,,,,,,,,,,,,,,,,,,,
,,,,,,,,,,,,,,,,,,,,,,,,,
,,,,,,,,,,,,,,,,,,,,,,,,,
,,,,,,,,,,,,,,,,,,,,,,,,,
,,,,,,,,,,,,,,,,,,,,,,,,,
,,,,,,,,,,,,,,,,,,,,,,,,,
,,,,,,,,,,,,,,,,,,,,,,,,,
,,,,,,,,,,,,,,,,,,,,,,,,,
,,,,,,,,,,,,,,,,,,,,,,,,,
,,,,,,,,,,,,,,,,,,,,,,,,,
,,,,,,,,,,,,,,,,,,,,,,,,,
,,,,,,,,,,,,,,,,,,,,,,,,,
,,,,,,,,,,,,,,,,,,,,,,,,,
,,,,,,,,,,,,,,,,,,,,,,,,,
,,,,,,,,,,,,,,,,,,,,,,,,,
,,,,,,,,,,,,,,,,,,,,,,,,,
,,,,,,,,,,,,,,,,,,,,,,,,,
,,,,,,,,,,,,,,,,,,,,,,,,,
,,,,,,,,,,,,,,,,,,,,,,,,,
,,,,,,,,,,,,,,,,,,,,,,,,,
,DONT KNOW IF THIS WILL BE INCLUDED,Baked Beans,,,,,Запеченные бобы,,,,,,,,,,,,,,,,,,
,DONT TRANSLATE IT,Get 200 explosive kills,,,,,Сделать 200 убийств взрывом,,,,,,,,,,,,,,,,,,
